Name;Latitude;Longitude;Address;Rating;Reviews;Ratings Total;Postal Code;Street Number;Route;Locality;Admin Area Level 1;Admin Area Level 2;Country;Phone Number;Website;Opening Hours
Shell Recharge Charging Station;52.18951;5.411332;N/A;0;[];0;3825 HD;100;Euroweg;Amersfoort;Utrecht;Amersfoort;Netherlands;088 010 9500;https://shellrecharge.com/;['Monday: Open 24 hours', 'Tuesday: Open 24 hours', 'Wednesday: Open 24 hours', 'Thursday: Open 24 hours', 'Friday: Open 24 hours', 'Saturday: Open 24 hours', 'Sunday: Open 24 hours']
PARKnCHARGE Charging Station;52.20188599999999;5.381165999999999;N/A;0;[];0;3824 NP;2;Glaskruid;Amersfoort;Utrecht;Amersfoort;Netherlands;0411 745 020;http://www.lastmilesolutions.com/;['Monday: Open 24 hours', 'Tuesday: Open 24 hours', 'Wednesday: Open 24 hours', 'Thursday: Open 24 hours', 'Friday: Open 24 hours', 'Saturday: Open 24 hours', 'Sunday: Open 24 hours']
Shell Recharge Charging Station;52.1862114;5.4154217;N/A;0;[];0;3825 HD;100;Euroweg;Amersfoort;Utrecht;Amersfoort;Netherlands;088 010 9500;https://shellrecharge.com/;['Monday: Open 24 hours', 'Tuesday: Open 24 hours', 'Wednesday: Open 24 hours', 'Thursday: Open 24 hours', 'Friday: Open 24 hours', 'Saturday: Open 24 hours', 'Sunday: Open 24 hours']
PARKnCHARGE Charging Station;52.18856299999999;5.382827;N/A;0;[];0;3828 CJ;18;Engweg;Hoogland;Utrecht;Amersfoort;Netherlands;010 436 5065;https://www.parkncharge.nl;['Monday: Open 24 hours', 'Tuesday: Open 24 hours', 'Wednesday: Open 24 hours', 'Thursday: Open 24 hours', 'Friday: Open 24 hours', 'Saturday: Open 24 hours', 'Sunday: Open 24 hours']
Shell Recharge Charging Station;52.194665;5.407553399999999;N/A;0;[];0;3825 NL;2;Euroweg;Amersfoort;Utrecht;Amersfoort;Netherlands;088 010 9500;https://shellrecharge.com/nl-nl;['Monday: Open 24 hours', 'Tuesday: Open 24 hours', 'Wednesday: Open 24 hours', 'Thursday: Open 24 hours', 'Friday: Open 24 hours', 'Saturday: Open 24 hours', 'Sunday: Open 24 hours']
Last Mile Solutions Charging Station;52.1890138;5.4078858;N/A;0;[];0;3823 LL;N/A;N/A;Amersfoort;Utrecht;Amersfoort;Netherlands;010 436 5065;http://www.lastmilesolutions.com/;['Monday: Open 24 hours', 'Tuesday: Open 24 hours', 'Wednesday: Open 24 hours', 'Thursday: Open 24 hours', 'Friday: Open 24 hours', 'Saturday: Open 24 hours', 'Sunday: Open 24 hours']
PARKnCHARGE Charging Station;52.1954266;5.411336899999999;N/A;0;[];0;3825 BP;8;Compagnieberg;Amersfoort;Utrecht;Amersfoort;Netherlands;010 436 5065;https://www.parkncharge.nl;['Monday: Open 24 hours', 'Tuesday: Open 24 hours', 'Wednesday: Open 24 hours', 'Thursday: Open 24 hours', 'Friday: Open 24 hours', 'Saturday: Open 24 hours', 'Sunday: Open 24 hours']
Shell Recharge Charging Station;52.197696;5.393731;N/A;0;[];0;3824 MR;25;Spacelab;Amersfoort;Utrecht;Amersfoort;Netherlands;088 010 9500;https://newmotion.com/en-gb;['Monday: Open 24 hours', 'Tuesday: Open 24 hours', 'Wednesday: Open 24 hours', 'Thursday: Open 24 hours', 'Friday: Open 24 hours', 'Saturday: Open 24 hours', 'Sunday: Open 24 hours']
Park n Charge Charging Station;52.200405;5.376212900000001;N/A;0;[];0;3824 EM;2;Watersteeg;Amersfoort;Utrecht;Amersfoort;Netherlands;N/A;N/A;['Monday: Open 24 hours', 'Tuesday: Open 24 hours', 'Wednesday: Open 24 hours', 'Thursday: Open 24 hours', 'Friday: Open 24 hours', 'Saturday: Open 24 hours', 'Sunday: Open 24 hours']
Shell Recharge Charging Station;52.2062989;5.416458;N/A;0;[];0;3828 MV;39;Baak van Terneuzen;Hoogland;Utrecht;Amersfoort;Netherlands;088 010 9500;https://shellrecharge.com/;['Monday: Open 24 hours', 'Tuesday: Open 24 hours', 'Wednesday: Open 24 hours', 'Thursday: Open 24 hours', 'Friday: Open 24 hours', 'Saturday: Open 24 hours', 'Sunday: Open 24 hours']
PARKnCHARGE Charging Station;52.18425;5.398232999999999;N/A;0;[];0;3823 EB;7;De Voeting;Amersfoort;Utrecht;Amersfoort;Netherlands;0411 745 020;https://www.parkncharge.nl/;['Monday: Open 24 hours', 'Tuesday: Open 24 hours', 'Wednesday: Open 24 hours', 'Thursday: Open 24 hours', 'Friday: Open 24 hours', 'Saturday: Open 24 hours', 'Sunday: Open 24 hours']
Last Mile Solutions Charging Station;52.19158;5.414832;N/A;0;[];0;3825 RL;90;Straat van Dover;Amersfoort;Utrecht;Amersfoort;Netherlands;010 436 5065;http://www.lastmilesolutions.com/;['Monday: Open 24 hours', 'Tuesday: Open 24 hours', 'Wednesday: Open 24 hours', 'Thursday: Open 24 hours', 'Friday: Open 24 hours', 'Saturday: Open 24 hours', 'Sunday: Open 24 hours']
PARKnCHARGE Charging Station;52.20188599999999;5.381165999999999;N/A;0;[];0;3824 NP;2;Glaskruid;Amersfoort;Utrecht;Amersfoort;Netherlands;010 436 5065;https://www.parkncharge.nl;['Monday: Open 24 hours', 'Tuesday: Open 24 hours', 'Wednesday: Open 24 hours', 'Thursday: Open 24 hours', 'Friday: Open 24 hours', 'Saturday: Open 24 hours', 'Sunday: Open 24 hours']
Last Mile Solutions Charging Station;52.1952653;5.379797900000001;N/A;0;[];0;3824 DE;1;Het Groene schaap;Amersfoort;Utrecht;Amersfoort;Netherlands;010 436 5065;http://www.lastmilesolutions.com/;['Monday: Open 24 hours', 'Tuesday: Open 24 hours', 'Wednesday: Open 24 hours', 'Thursday: Open 24 hours', 'Friday: Open 24 hours', 'Saturday: Open 24 hours', 'Sunday: Open 24 hours']
Last Mile Solutions Charging Station;52.192605;5.383432;N/A;0;[];0;3828 EV;24;Pastorielaan;Hoogland;Utrecht;Amersfoort;Netherlands;010 436 5065;http://www.lastmilesolutions.com/;['Monday: Open 24 hours', 'Tuesday: Open 24 hours', 'Wednesday: Open 24 hours', 'Thursday: Open 24 hours', 'Friday: Open 24 hours', 'Saturday: Open 24 hours', 'Sunday: Open 24 hours']
FLOW charging Charging Station;52.195982;5.3960374;N/A;0;[];0;3824 MN;47;Maanlander;Amersfoort;Utrecht;Amersfoort;Netherlands;088 775 5444;N/A;['Monday: Open 24 hours', 'Tuesday: Open 24 hours', 'Wednesday: Open 24 hours', 'Thursday: Open 24 hours', 'Friday: Open 24 hours', 'Saturday: Open 24 hours', 'Sunday: Open 24 hours']
E-Flux Charging Station;52.1988801;5.4048583;N/A;0;[];0;3825 AG;15;Bergenboulevard;Amersfoort;Utrecht;Amersfoort;Netherlands;020 763 0620;https://www.e-flux.nl/;['Monday: Open 24 hours', 'Tuesday: Open 24 hours', 'Wednesday: Open 24 hours', 'Thursday: Open 24 hours', 'Friday: Open 24 hours', 'Saturday: Open 24 hours', 'Sunday: Open 24 hours']
Allego Charging Station;52.18633999999999;5.400528;N/A;0;[];0;3823 EH;46;Laan naar Emiclaer;Amersfoort;Utrecht;Amersfoort;Netherlands;0800 3745337;N/A;['Monday: Open 24 hours', 'Tuesday: Open 24 hours', 'Wednesday: Open 24 hours', 'Thursday: Open 24 hours', 'Friday: Open 24 hours', 'Saturday: Open 24 hours', 'Sunday: Open 24 hours']
PARKnCHARGE Charging Station;52.1952653;5.379797900000001;N/A;0;[];0;3824 DE;1;Het Groene schaap;Amersfoort;Utrecht;Amersfoort;Netherlands;010 436 5065;https://www.parkncharge.nl;['Monday: Open 24 hours', 'Tuesday: Open 24 hours', 'Wednesday: Open 24 hours', 'Thursday: Open 24 hours', 'Friday: Open 24 hours', 'Saturday: Open 24 hours', 'Sunday: Open 24 hours']
Last Mile Solutions Charging Station;52.1965397;5.4161778;N/A;0;[];0;3825 BR;124;Darthuizerberg;Amersfoort;Utrecht;Amersfoort;Netherlands;010 436 5065;http://www.lastmilesolutions.com/;['Monday: Open 24 hours', 'Tuesday: Open 24 hours', 'Wednesday: Open 24 hours', 'Thursday: Open 24 hours', 'Friday: Open 24 hours', 'Saturday: Open 24 hours', 'Sunday: Open 24 hours']
Threeforce Charging Station;52.197633;5.371119999999999;N/A;0;[];0;3824 BB;28;Trosjespeergaarde;Amersfoort;Utrecht;Amersfoort;Netherlands;N/A;https://www.threeforce.eu/;['Monday: Open 24 hours', 'Tuesday: Open 24 hours', 'Wednesday: Open 24 hours', 'Thursday: Open 24 hours', 'Friday: Open 24 hours', 'Saturday: Open 24 hours', 'Sunday: Open 24 hours']
Last Mile Solutions Charging Station;52.185695;5.409136999999999;N/A;0;[];0;3822 ZL;70;Eikebladvlinder;Amersfoort;Utrecht;Amersfoort;Netherlands;010 436 5065;http://www.lastmilesolutions.com/;['Monday: Open 24 hours', 'Tuesday: Open 24 hours', 'Wednesday: Open 24 hours', 'Thursday: Open 24 hours', 'Friday: Open 24 hours', 'Saturday: Open 24 hours', 'Sunday: Open 24 hours']
Last Mile Solutions Charging Station;52.188805;5.398105;N/A;0;[];0;3823 GS;2;De Kragge;Amersfoort;Utrecht;Amersfoort;Netherlands;010 436 5065;http://www.lastmilesolutions.com/;['Monday: Open 24 hours', 'Tuesday: Open 24 hours', 'Wednesday: Open 24 hours', 'Thursday: Open 24 hours', 'Friday: Open 24 hours', 'Saturday: Open 24 hours', 'Sunday: Open 24 hours']
PARKnCHARGE Charging Station;52.1854087;5.400136499999999;N/A;0;[];0;3823 EA;18;De Bekroning;Amersfoort;Utrecht;Amersfoort;Netherlands;0411 745 020;https://www.parkncharge.nl/;N/A
Threeforce Charging Station;52.191873;5.403798;N/A;0;[];0;3823 VJ;43;Het Klinket;Amersfoort;Utrecht;Amersfoort;Netherlands;0411 745 020;N/A;['Monday: Open 24 hours', 'Tuesday: Open 24 hours', 'Wednesday: Open 24 hours', 'Thursday: Open 24 hours', 'Friday: Open 24 hours', 'Saturday: Open 24 hours', 'Sunday: Open 24 hours']
Threeforce Charging Station;52.19211;5.410992999999999;N/A;0;[];0;3825 RJ;47;Aardmansberg;Amersfoort;Utrecht;Amersfoort;Netherlands;N/A;https://www.threeforce.eu/;['Monday: Open 24 hours', 'Tuesday: Open 24 hours', 'Wednesday: Open 24 hours', 'Thursday: Open 24 hours', 'Friday: Open 24 hours', 'Saturday: Open 24 hours', 'Sunday: Open 24 hours']
PARKnCHARGE Charging Station;52.2034283;5.3845408;N/A;0;[];0;3824 PZ;9;Nieuwlandsedreef;Amersfoort;Utrecht;Amersfoort;Netherlands;0411 745 020;https://www.parkncharge.nl/;['Monday: Open 24 hours', 'Tuesday: Open 24 hours', 'Wednesday: Open 24 hours', 'Thursday: Open 24 hours', 'Friday: Open 24 hours', 'Saturday: Open 24 hours', 'Sunday: Open 24 hours']
Vattenfall Charging Station;52.195125;5.396091;N/A;0;[];0;3824 MP;30;Maanlander;Amersfoort;Utrecht;Amersfoort;Netherlands;088 363 7991;https://incharge.vattenfall.nl;['Monday: Open 24 hours', 'Tuesday: Open 24 hours', 'Wednesday: Open 24 hours', 'Thursday: Open 24 hours', 'Friday: Open 24 hours', 'Saturday: Open 24 hours', 'Sunday: Open 24 hours']
PARKnCHARGE Charging Station;52.190585;5.415770999999999;N/A;0;[];0;3825 ZJ;63;Straat Van Gibraltar;Amersfoort;Utrecht;Amersfoort;Netherlands;010 436 5065;https://www.parkncharge.nl;['Monday: Open 24 hours', 'Tuesday: Open 24 hours', 'Wednesday: Open 24 hours', 'Thursday: Open 24 hours', 'Friday: Open 24 hours', 'Saturday: Open 24 hours', 'Sunday: Open 24 hours']
PARKnCHARGE Charging Station;52.19211;5.410992999999999;N/A;0;[];0;3825 RJ;47;Aardmansberg;Amersfoort;Utrecht;Amersfoort;Netherlands;010 436 5065;https://www.parkncharge.nl;['Monday: Open 24 hours', 'Tuesday: Open 24 hours', 'Wednesday: Open 24 hours', 'Thursday: Open 24 hours', 'Friday: Open 24 hours', 'Saturday: Open 24 hours', 'Sunday: Open 24 hours']
PARKnCHARGE Charging Station;52.182118;5.377707;N/A;0;[];0;3828 DA;78;Ambachtlaan;Hoogland;Utrecht;Amersfoort;Netherlands;0411 745 020;N/A;['Monday: Open 24 hours', 'Tuesday: Open 24 hours', 'Wednesday: Open 24 hours', 'Thursday: Open 24 hours', 'Friday: Open 24 hours', 'Saturday: Open 24 hours', 'Sunday: Open 24 hours']
PARKnCHARGE Charging Station;52.20296889999999;5.414208400000001;N/A;0;[];0;3825 AE;60;Laakboulevard;Amersfoort;Utrecht;Amersfoort;Netherlands;010 436 5065;https://www.parkncharge.nl;['Monday: Open 24 hours', 'Tuesday: Open 24 hours', 'Wednesday: Open 24 hours', 'Thursday: Open 24 hours', 'Friday: Open 24 hours', 'Saturday: Open 24 hours', 'Sunday: Open 24 hours']
Last Mile Solutions Charging Station;52.190585;5.415770999999999;N/A;0;[];0;3829 BD;N/A;Straat Van Gibraltar;Amersfoort;Utrecht;Amersfoort;Netherlands;010 436 5065;http://www.lastmilesolutions.com/;['Monday: Open 24 hours', 'Tuesday: Open 24 hours', 'Wednesday: Open 24 hours', 'Thursday: Open 24 hours', 'Friday: Open 24 hours', 'Saturday: Open 24 hours', 'Sunday: Open 24 hours']
Robo Charge Charging Station;52.189246;5.407292;N/A;0;[];0;3823 LM;50;De Brand;Amersfoort;Utrecht;Amersfoort;Netherlands;0418 225 010;https://robo-charge.com/;['Monday: Open 24 hours', 'Tuesday: Open 24 hours', 'Wednesday: Open 24 hours', 'Thursday: Open 24 hours', 'Friday: Open 24 hours', 'Saturday: Open 24 hours', 'Sunday: Open 24 hours']
Shell Recharge Charging Station;52.1903027;5.4049591;N/A;5;[];1;3823 VM;23;De Stinse;Amersfoort;Utrecht;Amersfoort;Netherlands;088 010 9500;https://newmotion.com/en-gb;['Monday: Open 24 hours', 'Tuesday: Open 24 hours', 'Wednesday: Open 24 hours', 'Thursday: Open 24 hours', 'Friday: Open 24 hours', 'Saturday: Open 24 hours', 'Sunday: Open 24 hours']
EVBox Charging Station;52.1952082;5.3927269;N/A;0;[];0;3824 MN;35;Maanlander;Amersfoort;Utrecht;Amersfoort;Netherlands;088 775 5444;https://evbox.com;N/A
Threeforce Charging Station;52.1895967;5.3715889;N/A;0;[];0;3828 WB;10;Fluitekamp;Hoogland;Utrecht;Amersfoort;Netherlands;N/A;https://www.threeforce.eu/;N/A
Parkncharge Charging Station;52.189397;5.414113;N/A;0;[];0;3825 BS;107;Valutaboulevard;Amersfoort;Utrecht;Amersfoort;Netherlands;N/A;N/A;['Monday: Open 24 hours', 'Tuesday: Open 24 hours', 'Wednesday: Open 24 hours', 'Thursday: Open 24 hours', 'Friday: Open 24 hours', 'Saturday: Open 24 hours', 'Sunday: Open 24 hours']
Last Mile Solutions Charging Station;52.2021217;5.4165833;N/A;0;[];0;3825 GM;9;Schatsberg;Amersfoort;Utrecht;Amersfoort;Netherlands;010 436 5065;http://www.lastmilesolutions.com/;['Monday: Open 24 hours', 'Tuesday: Open 24 hours', 'Wednesday: Open 24 hours', 'Thursday: Open 24 hours', 'Friday: Open 24 hours', 'Saturday: Open 24 hours', 'Sunday: Open 24 hours']
Threeforce Charging Station;52.1989538;5.4098041;N/A;0;[];0;3825 CP;N/A;N/A;Amersfoort;Utrecht;Amersfoort;Netherlands;0592 390 423;https://www.threeforce.eu/;N/A
Allego Charging Station;52.196122;5.399235;N/A;4;[];1;3824 MX;22-24;Ruimtevaart;Amersfoort;Utrecht;Amersfoort;Netherlands;088 033 3033;https://www.allego.eu/;['Monday: Open 24 hours', 'Tuesday: Open 24 hours', 'Wednesday: Open 24 hours', 'Thursday: Open 24 hours', 'Friday: Open 24 hours', 'Saturday: Open 24 hours', 'Sunday: Open 24 hours']
Threeforce Charging Station;52.197951;5.378442;N/A;0;[];0;3824 CB;59;Patriciërslaan;Amersfoort;Utrecht;Amersfoort;Netherlands;N/A;https://www.threeforce.eu/;N/A
DAEN Mobility Charging Station;52.1962658;5.3925806;N/A;0;[];0;3824 ML;10;Spaceshuttle;Amersfoort;Utrecht;Amersfoort;Netherlands;088 434 3900;https://daenmobility.nl/;['Monday: Open 24 hours', 'Tuesday: Open 24 hours', 'Wednesday: Open 24 hours', 'Thursday: Open 24 hours', 'Friday: Open 24 hours', 'Saturday: Open 24 hours', 'Sunday: Open 24 hours']
PARKnCHARGE Charging Station;52.19056699999999;5.394092;N/A;0;[];0;3823 TV;4;De Panne;Amersfoort;Utrecht;Amersfoort;Netherlands;010 436 5065;https://www.parkncharge.nl;['Monday: Open 24 hours', 'Tuesday: Open 24 hours', 'Wednesday: Open 24 hours', 'Thursday: Open 24 hours', 'Friday: Open 24 hours', 'Saturday: Open 24 hours', 'Sunday: Open 24 hours']
Park n Charge Charging Station;52.2023079;5.376081699999999;N/A;0;[];0;3824 GA;1;Waterscheerling;Amersfoort;Utrecht;Amersfoort;Netherlands;N/A;https://laddportal.park-charge.se/;['Monday: Open 24 hours', 'Tuesday: Open 24 hours', 'Wednesday: Open 24 hours', 'Thursday: Open 24 hours', 'Friday: Open 24 hours', 'Saturday: Open 24 hours', 'Sunday: Open 24 hours']
Threeforce Charging Station;52.1962409;5.3750711;N/A;0;[];0;3824 BT;1;Winstongaarde;Amersfoort;Utrecht;Amersfoort;Netherlands;0411 745 020;https://www.lastmilesolutions.com/;['Monday: Open 24 hours', 'Tuesday: Open 24 hours', 'Wednesday: Open 24 hours', 'Thursday: Open 24 hours', 'Friday: Open 24 hours', 'Saturday: Open 24 hours', 'Sunday: Open 24 hours']
LastMileSolutions Charging Station;52.1901727;5.3881633;N/A;0;[];0;3823 KL;2;Byzantium;Amersfoort;Utrecht;Amersfoort;Netherlands;0411 745 020;https://www.parkncharge.nl/;['Monday: Open 24 hours', 'Tuesday: Open 24 hours', 'Wednesday: Open 24 hours', 'Thursday: Open 24 hours', 'Friday: Open 24 hours', 'Saturday: Open 24 hours', 'Sunday: Open 24 hours']
Shell Recharge Charging Station;52.1934929;5.387751;N/A;0;[];0;3823 SG;2;Het Ruim;Amersfoort;Utrecht;Amersfoort;Netherlands;088 010 9500;https://shellrecharge.com/;['Monday: Open 24 hours', 'Tuesday: Open 24 hours', 'Wednesday: Open 24 hours', 'Thursday: Open 24 hours', 'Friday: Open 24 hours', 'Saturday: Open 24 hours', 'Sunday: Open 24 hours']
Eneco Charging Station;52.1957957;5.3981432;N/A;5;[];1;3824 MX;22;Ruimtevaart;Amersfoort;Utrecht;Amersfoort;Netherlands;N/A;https://www.eneco-emobility.com/;['Monday: Open 24 hours', 'Tuesday: Open 24 hours', 'Wednesday: Open 24 hours', 'Thursday: Open 24 hours', 'Friday: Open 24 hours', 'Saturday: Open 24 hours', 'Sunday: Open 24 hours']
Last Mile Solutions Charging Station;52.1935587;5.3942542;N/A;3;[];1;3823 TL;471;Gangboord;Amersfoort;Utrecht;Amersfoort;Netherlands;010 436 5065;http://www.lastmilesolutions.com;['Monday: Open 24 hours', 'Tuesday: Open 24 hours', 'Wednesday: Open 24 hours', 'Thursday: Open 24 hours', 'Friday: Open 24 hours', 'Saturday: Open 24 hours', 'Sunday: Open 24 hours']
Allego Charging Station;52.195096;5.3893948;N/A;2;[];3;3824 MP;14;Maanlander;Amersfoort;Utrecht;Amersfoort;Netherlands;0800 3745337;N/A;['Monday: Open 24 hours', 'Tuesday: Open 24 hours', 'Wednesday: Open 24 hours', 'Thursday: Open 24 hours', 'Friday: Open 24 hours', 'Saturday: Open 24 hours', 'Sunday: Open 24 hours']
EVBox Charging Station;52.1982302;5.3888709;N/A;0;[];0;3824 MJ;28;Astronaut;Amersfoort;Utrecht;Amersfoort;Netherlands;088 775 5450;https://evbox.com;['Monday: Open 24 hours', 'Tuesday: Open 24 hours', 'Wednesday: Open 24 hours', 'Thursday: Open 24 hours', 'Friday: Open 24 hours', 'Saturday: Open 24 hours', 'Sunday: Open 24 hours']
Allego Charging Station;52.1889583;5.389412;N/A;0;[];0;3823 KR;2;Nippoer;Amersfoort;Utrecht;Amersfoort;Netherlands;0800 3745337;https://www.allego.eu/;['Monday: Open 24 hours', 'Tuesday: Open 24 hours', 'Wednesday: Open 24 hours', 'Thursday: Open 24 hours', 'Friday: Open 24 hours', 'Saturday: Open 24 hours', 'Sunday: Open 24 hours']
Eneco Charging Station;52.1985647;5.3925912;N/A;0;[];0;3824 MK;26;Kosmonaut;Amersfoort;Utrecht;Amersfoort;Netherlands;N/A;https://www.eneco-emobility.com/;['Monday: Open 24 hours', 'Tuesday: Open 24 hours', 'Wednesday: Open 24 hours', 'Thursday: Open 24 hours', 'Friday: Open 24 hours', 'Saturday: Open 24 hours', 'Sunday: Open 24 hours']
EVBox Charging Station;52.1979057;5.3754012;N/A;0;[];0;3824 BP;26;Bosappelgaarde;Amersfoort;Utrecht;Amersfoort;Netherlands;N/A;N/A;N/A
E-Flux Charging Station;52.2009641;5.3847998;N/A;0;[];0;3824 DZ;111;Laan van Duurzaamheid;Amersfoort;Utrecht;Amersfoort;Netherlands;020 763 0620;https://www.e-flux.nl/;['Monday: Open 24 hours', 'Tuesday: Open 24 hours', 'Wednesday: Open 24 hours', 'Thursday: Open 24 hours', 'Friday: Open 24 hours', 'Saturday: Open 24 hours', 'Sunday: Open 24 hours']
Last Mile Solutions Charging Station;52.197951;5.378442;N/A;0;[];0;3824 CB;59;Patriciërslaan;Amersfoort;Utrecht;Amersfoort;Netherlands;010 436 5065;http://www.lastmilesolutions.com/;['Monday: Open 24 hours', 'Tuesday: Open 24 hours', 'Wednesday: Open 24 hours', 'Thursday: Open 24 hours', 'Friday: Open 24 hours', 'Saturday: Open 24 hours', 'Sunday: Open 24 hours']
PARKnCHARGE Charging Station;52.20215049999999;5.3722466;N/A;0;[];0;3824 HV;58;Tuinslak;Amersfoort;Utrecht;Amersfoort;Netherlands;0411 745 020;N/A;['Monday: Open 24 hours', 'Tuesday: Open 24 hours', 'Wednesday: Open 24 hours', 'Thursday: Open 24 hours', 'Friday: Open 24 hours', 'Saturday: Open 24 hours', 'Sunday: Open 24 hours']
Last Mile Solutions Charging Station;52.1927189;5.393039000000001;N/A;0;[];0;3823 TR;1;Reling;Amersfoort;Utrecht;Amersfoort;Netherlands;010 436 5065;http://www.lastmilesolutions.com/;['Monday: Open 24 hours', 'Tuesday: Open 24 hours', 'Wednesday: Open 24 hours', 'Thursday: Open 24 hours', 'Friday: Open 24 hours', 'Saturday: Open 24 hours', 'Sunday: Open 24 hours']
Shell Recharge Charging Station;52.1900108;5.3956742;N/A;0;[];0;3823 WR;60;Aziëring;Amersfoort;Utrecht;Amersfoort;Netherlands;088 010 9500;https://shellrecharge.com/;['Monday: Open 24 hours', 'Tuesday: Open 24 hours', 'Wednesday: Open 24 hours', 'Thursday: Open 24 hours', 'Friday: Open 24 hours', 'Saturday: Open 24 hours', 'Sunday: Open 24 hours']
