Name;Latitude;Longitude;Address;Rating;Reviews;Ratings Total;Postal Code;Street Number;Route;Locality;Admin Area Level 1;Admin Area Level 2;Country;Phone Number;Website;Opening Hours
Eneco Charging Station;51.561293;5.0088224;N/A;0;[];0;5036 NB;568;Bredaseweg;Tilburg;Noord-Brabant;Tilburg;Netherlands;N/A;https://www.eneco-emobility.com/;['Monday: Open 24 hours', 'Tuesday: Open 24 hours', 'Wednesday: Open 24 hours', 'Thursday: Open 24 hours', 'Friday: Open 24 hours', 'Saturday: Open 24 hours', 'Sunday: Open 24 hours']
Last Mile Solutions Charging Station;51.562742;5.045718;N/A;0;[];0;5037 GD;150;Hogeschoollaan;Tilburg;Noord-Brabant;Tilburg;Netherlands;010 436 5065;http://www.lastmilesolutions.com/;['Monday: Open 24 hours', 'Tuesday: Open 24 hours', 'Wednesday: Open 24 hours', 'Thursday: Open 24 hours', 'Friday: Open 24 hours', 'Saturday: Open 24 hours', 'Sunday: Open 24 hours']
Threeforce Charging Station;51.571785;5.000162;N/A;0;[];0;5036 BB;98;Wijboschstraat;Tilburg;Noord-Brabant;Tilburg;Netherlands;0411 745 020;http://www.lastmilesolutions.com/;['Monday: Open 24 hours', 'Tuesday: Open 24 hours', 'Wednesday: Open 24 hours', 'Thursday: Open 24 hours', 'Friday: Open 24 hours', 'Saturday: Open 24 hours', 'Sunday: Open 24 hours']
Opcharge Charging Station;51.5492603;4.992818799999999;N/A;0;[];0;5032 VC;400a;Gilzerbaan;Tilburg;Noord-Brabant;Tilburg;Netherlands;076 785 3231;https://opcharge.com/;N/A
Last Mile Solutions Charging Station;51.548672;5.0476979;N/A;0;[];0;5032 RJ;5;Meibeek;Tilburg;Noord-Brabant;Tilburg;Netherlands;010 436 5065;http://www.lastmilesolutions.com/;['Monday: Open 24 hours', 'Tuesday: Open 24 hours', 'Wednesday: Open 24 hours', 'Thursday: Open 24 hours', 'Friday: Open 24 hours', 'Saturday: Open 24 hours', 'Sunday: Open 24 hours']
Last Mile Solutions Charging Station;51.5735699;5.0359489;N/A;0;[];0;5044 PL;44;Hugo Verrieststraat;Tilburg;Noord-Brabant;Tilburg;Netherlands;010 436 5065;http://www.lastmilesolutions.com/;['Monday: Open 24 hours', 'Tuesday: Open 24 hours', 'Wednesday: Open 24 hours', 'Thursday: Open 24 hours', 'Friday: Open 24 hours', 'Saturday: Open 24 hours', 'Sunday: Open 24 hours']
Park n Charge Charging Station;51.561228;5.045542;N/A;0;[];0;5037 DX;788;Professor Cobbenhagenlaan;Tilburg;Noord-Brabant;Tilburg;Netherlands;N/A;https://www.parkncharge.nl/;['Monday: Open 24 hours', 'Tuesday: Open 24 hours', 'Wednesday: Open 24 hours', 'Thursday: Open 24 hours', 'Friday: Open 24 hours', 'Saturday: Open 24 hours', 'Sunday: Open 24 hours']
Opcharge Charging Station;51.5549139;5.0446857;N/A;0;[];0;5032 ZC;1;Vliestroom;Tilburg;Noord-Brabant;Tilburg;Netherlands;076 785 3231;https://opcharge.com/;N/A
EVBox Charging Station;51.54732430000001;5.0421225;N/A;0;[];0;5032 BN;8;Tongelreep;Tilburg;Noord-Brabant;Tilburg;Netherlands;N/A;https://evbox.com/;N/A
Ecotap Charging Station;51.550755;5.044371099999999;N/A;0;[];0;5032 XD;59;Stroomlaan;Tilburg;Noord-Brabant;Tilburg;Netherlands;N/A;https://www.greenflux.com/;['Monday: Open 24 hours', 'Tuesday: Open 24 hours', 'Wednesday: Open 24 hours', 'Thursday: Open 24 hours', 'Friday: Open 24 hours', 'Saturday: Open 24 hours', 'Sunday: Open 24 hours']
Last Mile Solutions Charging Station;51.549873;5.044624;N/A;0;[];0;5032 XN;6;Esperloop;Tilburg;Noord-Brabant;Tilburg;Netherlands;010 436 5065;http://www.lastmilesolutions.com/;['Monday: Open 24 hours', 'Tuesday: Open 24 hours', 'Wednesday: Open 24 hours', 'Thursday: Open 24 hours', 'Friday: Open 24 hours', 'Saturday: Open 24 hours', 'Sunday: Open 24 hours']
Allego Charging Station;51.563632;5.041329;N/A;0;[];0;5037 AB;2;Warandelaan;Tilburg;Noord-Brabant;Tilburg;Netherlands;0800 3745337;https://www.allego.eu/nl-nl;['Monday: Open 24 hours', 'Tuesday: Open 24 hours', 'Wednesday: Open 24 hours', 'Thursday: Open 24 hours', 'Friday: Open 24 hours', 'Saturday: Open 24 hours', 'Sunday: Open 24 hours']
EVBox Charging Station;51.5607057;5.032597600000001;N/A;0;[];0;5036 NA;443;Bredaseweg;Tilburg;Noord-Brabant;Tilburg;Netherlands;088 775 5444;https://evbox.com;N/A
Last Mile Solutions Charging Station;51.5439734;5.0355292;N/A;0;[];0;5032 CH;22;Dommel;Tilburg;Noord-Brabant;Tilburg;Netherlands;010 436 5065;http://www.lastmilesolutions.com/;['Monday: Open 24 hours', 'Tuesday: Open 24 hours', 'Wednesday: Open 24 hours', 'Thursday: Open 24 hours', 'Friday: Open 24 hours', 'Saturday: Open 24 hours', 'Sunday: Open 24 hours']
Threeforce Charging Station;51.5696129;5.012203;N/A;0;[];0;5036 CC;76;Ankeveenstraat;Tilburg;Noord-Brabant;Tilburg;Netherlands;N/A;N/A;N/A
EVBox Charging Station;51.5500662;5.0404941;N/A;0;[];0;5032 TT;6;Veerse Meer;Tilburg;Noord-Brabant;Tilburg;Netherlands;088 775 5444;https://evbox.com/;['Monday: Open 24 hours', 'Tuesday: Open 24 hours', 'Wednesday: Open 24 hours', 'Thursday: Open 24 hours', 'Friday: Open 24 hours', 'Saturday: Open 24 hours', 'Sunday: Open 24 hours']
EVBox Charging Station;51.545441;5.0433879;N/A;0;[];0;5032 AX;59;Jeker;Tilburg;Noord-Brabant;Tilburg;Netherlands;N/A;https://evbox.com/;N/A
E-Flux Charging Station;51.5546327;5.044516499999999;N/A;0;[];0;5032 ZC;1;Vliestroom;Tilburg;Noord-Brabant;Tilburg;Netherlands;020 763 0620;https://www.e-flux.nl/;['Monday: Open 24 hours', 'Tuesday: Open 24 hours', 'Wednesday: Open 24 hours', 'Thursday: Open 24 hours', 'Friday: Open 24 hours', 'Saturday: Open 24 hours', 'Sunday: Open 24 hours']
Threeforce Charging Station;51.5439734;5.0355292;N/A;0;[];0;5032 CH;22;Dommel;Tilburg;Noord-Brabant;Tilburg;Netherlands;0411 745 020;https://www.threeforce.eu/;N/A
Threeforce Charging Station;51.5688243;5.045270899999999;N/A;0;[];0;5042 ZP;961;Europalaan;Tilburg;Noord-Brabant;Tilburg;Netherlands;N/A;https://www.lastmilesolutions.com/;['Monday: Open 24 hours', 'Tuesday: Open 24 hours', 'Wednesday: Open 24 hours', 'Thursday: Open 24 hours', 'Friday: Open 24 hours', 'Saturday: Open 24 hours', 'Sunday: Open 24 hours']
Alfen Charging Station;51.5494204;4.993280299999999;N/A;0;[];0;5032 VC;400;Gilzerbaan;Tilburg;Noord-Brabant;Tilburg;Netherlands;036 549 3400;https://www.alfen.com;['Monday: Open 24 hours', 'Tuesday: Open 24 hours', 'Wednesday: Open 24 hours', 'Thursday: Open 24 hours', 'Friday: Open 24 hours', 'Saturday: Open 24 hours', 'Sunday: Open 24 hours']
PARKnCHARGE Charging Station;51.56966;5.000437;N/A;0;[];0;5036 AB;47;Witbrantlaan West;Tilburg;Noord-Brabant;Tilburg;Netherlands;010 436 5065;https://www.parkncharge.nl;['Monday: Open 24 hours', 'Tuesday: Open 24 hours', 'Wednesday: Open 24 hours', 'Thursday: Open 24 hours', 'Friday: Open 24 hours', 'Saturday: Open 24 hours', 'Sunday: Open 24 hours']
EVnetNL Charging Station;51.57199;4.998371;N/A;0;[];0;5036 BC;124;Wijboschstraat;Tilburg;Noord-Brabant;Tilburg;Netherlands;0800 3522365;https://www.evnet.nl/;['Monday: Open 24 hours', 'Tuesday: Open 24 hours', 'Wednesday: Open 24 hours', 'Thursday: Open 24 hours', 'Friday: Open 24 hours', 'Saturday: Open 24 hours', 'Sunday: Open 24 hours']
Ecotap Charging Station;51.5592093;5.0361303;N/A;0;[];0;5036 NA;441;Bredaseweg;Tilburg;Noord-Brabant;Tilburg;Netherlands;0411 745 020;N/A;['Monday: Open 24 hours', 'Tuesday: Open 24 hours', 'Wednesday: Open 24 hours', 'Thursday: Open 24 hours', 'Friday: Open 24 hours', 'Saturday: Open 24 hours', 'Sunday: Open 24 hours']
Park n Charge Charging Station;51.546617;5.048553;N/A;0;[];0;5032 RC;111;Regge;Tilburg;Noord-Brabant;Tilburg;Netherlands;N/A;N/A;['Monday: Open 24 hours', 'Tuesday: Open 24 hours', 'Wednesday: Open 24 hours', 'Thursday: Open 24 hours', 'Friday: Open 24 hours', 'Saturday: Open 24 hours', 'Sunday: Open 24 hours']
EVnetNL Charging Station;51.571465;4.995527;N/A;0;[];0;5036 BP;30;Waardenburgstraat;Tilburg;Noord-Brabant;Tilburg;Netherlands;0800 3522365;https://www.evnet.nl/;['Monday: Open 24 hours', 'Tuesday: Open 24 hours', 'Wednesday: Open 24 hours', 'Thursday: Open 24 hours', 'Friday: Open 24 hours', 'Saturday: Open 24 hours', 'Sunday: Open 24 hours']
Opcharge Charging Station;51.5702823;5.0035565;N/A;0;[];0;5036 AH;60;Wolvegastraat;Tilburg;Noord-Brabant;Tilburg;Netherlands;076 785 3231;https://opcharge.com/;N/A
Ecotap Charging Station;51.55659139999999;5.0451149;N/A;0;[];0;5037 KR;318;Friezenlaan;Tilburg;Noord-Brabant;Tilburg;Netherlands;010 436 5065;https://www.ecotap.nl/;['Monday: Open 24 hours', 'Tuesday: Open 24 hours', 'Wednesday: Open 24 hours', 'Thursday: Open 24 hours', 'Friday: Open 24 hours', 'Saturday: Open 24 hours', 'Sunday: Open 24 hours']
E-Flux Charging Station;51.57465999999999;5.01806;N/A;0;[];0;5043 JJ;25;Distelbergstraat;Tilburg;Noord-Brabant;Tilburg;Netherlands;020 763 0620;https://www.e-flux.nl/;['Monday: Open 24 hours', 'Tuesday: Open 24 hours', 'Wednesday: Open 24 hours', 'Thursday: Open 24 hours', 'Friday: Open 24 hours', 'Saturday: Open 24 hours', 'Sunday: Open 24 hours']
Electric Vehicle Charging Station;51.5621783;5.0477282;N/A;0;[];0;5037 AR;N/A;Professor de Moorplein;Tilburg;Noord-Brabant;Tilburg;Netherlands;N/A;N/A;['Monday: Open 24 hours', 'Tuesday: Open 24 hours', 'Wednesday: Open 24 hours', 'Thursday: Open 24 hours', 'Friday: Open 24 hours', 'Saturday: Open 24 hours', 'Sunday: Open 24 hours']
EVnetNL Charging Station;51.572157;5.001136;N/A;0;[];0;5036 AR;23;Warmonderf;Tilburg;Noord-Brabant;Tilburg;Netherlands;0800 3522365;https://www.evnet.nl/;['Monday: Open 24 hours', 'Tuesday: Open 24 hours', 'Wednesday: Open 24 hours', 'Thursday: Open 24 hours', 'Friday: Open 24 hours', 'Saturday: Open 24 hours', 'Sunday: Open 24 hours']
Allego Charging Station;51.57124;5.003564;N/A;0;[];0;5036 BA;28;Wijboschstraat;Tilburg;Noord-Brabant;Tilburg;Netherlands;088 033 3033;N/A;['Monday: Open 24 hours', 'Tuesday: Open 24 hours', 'Wednesday: Open 24 hours', 'Thursday: Open 24 hours', 'Friday: Open 24 hours', 'Saturday: Open 24 hours', 'Sunday: Open 24 hours']
Allego Charging Station;51.54256299999999;5.035393;N/A;2.5;[];2;5032 CV;37;Sint Maartensloop;Tilburg;Noord-Brabant;Tilburg;Netherlands;0800 3745337;https://www.allego.eu/nl-nl;['Monday: Open 24 hours', 'Tuesday: Open 24 hours', 'Wednesday: Open 24 hours', 'Thursday: Open 24 hours', 'Friday: Open 24 hours', 'Saturday: Open 24 hours', 'Sunday: Open 24 hours']
Allego Charging Station;51.5715742;5.031246299999999;N/A;0;[];0;5044 NE;87;Marie Koenenlaan;Tilburg;Noord-Brabant;Tilburg;Netherlands;0800 3745337;https://www.allego.eu/nl-nl;['Monday: Open 24 hours', 'Tuesday: Open 24 hours', 'Wednesday: Open 24 hours', 'Thursday: Open 24 hours', 'Friday: Open 24 hours', 'Saturday: Open 24 hours', 'Sunday: Open 24 hours']
Allego Charging Station;51.5432407;5.0395162;N/A;0;[];0;5032 CC;26;Biezenloop;Tilburg;Noord-Brabant;Tilburg;Netherlands;0800 3745337;https://www.allego.eu/nl-nl;['Monday: Open 24 hours', 'Tuesday: Open 24 hours', 'Wednesday: Open 24 hours', 'Thursday: Open 24 hours', 'Friday: Open 24 hours', 'Saturday: Open 24 hours', 'Sunday: Open 24 hours']
Allego Charging Station;51.55994279999999;5.046758899999999;N/A;0;[];0;5037 EN;152;Professor Gimbrèrelaan;Tilburg;Noord-Brabant;Tilburg;Netherlands;0800 3745337;https://www.allego.eu/nl-nl;['Monday: Open 24 hours', 'Tuesday: Open 24 hours', 'Wednesday: Open 24 hours', 'Thursday: Open 24 hours', 'Friday: Open 24 hours', 'Saturday: Open 24 hours', 'Sunday: Open 24 hours']
Allego Charging Station;51.5462108;5.0390732;N/A;0;[];0;5032 BD;14;Aa of Weerijs;Tilburg;Noord-Brabant;Tilburg;Netherlands;0800 3745337;https://www.allego.eu/nl-nl;['Monday: Open 24 hours', 'Tuesday: Open 24 hours', 'Wednesday: Open 24 hours', 'Thursday: Open 24 hours', 'Friday: Open 24 hours', 'Saturday: Open 24 hours', 'Sunday: Open 24 hours']
Vattenfall Charging Station;51.5480469;5.0380796;N/A;0;[];0;5032 WE;41;Calfvense Bosloop;Tilburg;Noord-Brabant;Tilburg;Netherlands;088 363 7991;https://incharge.vattenfall.nl;['Monday: Open 24 hours', 'Tuesday: Open 24 hours', 'Wednesday: Open 24 hours', 'Thursday: Open 24 hours', 'Friday: Open 24 hours', 'Saturday: Open 24 hours', 'Sunday: Open 24 hours']
Allego Charging Station;51.544557;5.045618;N/A;0;[];0;5032 AJ;186;Beeklaan;Tilburg;Noord-Brabant;Tilburg;Netherlands;0800 3745337;https://www.allego.eu/nl-nl;['Monday: Open 24 hours', 'Tuesday: Open 24 hours', 'Wednesday: Open 24 hours', 'Thursday: Open 24 hours', 'Friday: Open 24 hours', 'Saturday: Open 24 hours', 'Sunday: Open 24 hours']
Park n Charge Charging Station;51.5630531;5.049515299999999;N/A;0;[];0;5037 AD;35;Professor Verbernelaan;Tilburg;Noord-Brabant;Tilburg;Netherlands;N/A;N/A;['Monday: Open 24 hours', 'Tuesday: Open 24 hours', 'Wednesday: Open 24 hours', 'Thursday: Open 24 hours', 'Friday: Open 24 hours', 'Saturday: Open 24 hours', 'Sunday: Open 24 hours']
Last Mile Solutions Charging Station;51.56989;5.048244;N/A;0;[];0;5042 WP;161;Beneluxlaan;Tilburg;Noord-Brabant;Tilburg;Netherlands;010 436 5065;http://www.lastmilesolutions.com/;['Monday: Open 24 hours', 'Tuesday: Open 24 hours', 'Wednesday: Open 24 hours', 'Thursday: Open 24 hours', 'Friday: Open 24 hours', 'Saturday: Open 24 hours', 'Sunday: Open 24 hours']
Last Mile Solutions Charging Station;51.5726301;5.0421928;N/A;0;[];0;5044 RA;1;Indigolaan;Tilburg;Noord-Brabant;Tilburg;Netherlands;010 436 5065;http://www.lastmilesolutions.com/;['Monday: Open 24 hours', 'Tuesday: Open 24 hours', 'Wednesday: Open 24 hours', 'Thursday: Open 24 hours', 'Friday: Open 24 hours', 'Saturday: Open 24 hours', 'Sunday: Open 24 hours']
Last Mile Solutions Charging Station;51.5727599;4.9898661;N/A;0;[];0;5036 NL;2;Zevenaarstraat;Tilburg;Noord-Brabant;Tilburg;Netherlands;010 436 5065;http://www.lastmilesolutions.com/;['Monday: Open 24 hours', 'Tuesday: Open 24 hours', 'Wednesday: Open 24 hours', 'Thursday: Open 24 hours', 'Friday: Open 24 hours', 'Saturday: Open 24 hours', 'Sunday: Open 24 hours']
E-Flux Charging Station;51.5711609;5.046006;N/A;0;[];0;5042 TR;96;Schiphollaan;Tilburg;Noord-Brabant;Tilburg;Netherlands;020 763 0620;https://www.e-flux.nl/;['Monday: Open 24 hours', 'Tuesday: Open 24 hours', 'Wednesday: Open 24 hours', 'Thursday: Open 24 hours', 'Friday: Open 24 hours', 'Saturday: Open 24 hours', 'Sunday: Open 24 hours']
E-Flux Charging Station;51.5744121;5.038170099999999;N/A;0;[];0;5044 PB;2;Zwartvenseweg;Tilburg;Noord-Brabant;Tilburg;Netherlands;020 763 0620;N/A;['Monday: Open 24 hours', 'Tuesday: Open 24 hours', 'Wednesday: Open 24 hours', 'Thursday: Open 24 hours', 'Friday: Open 24 hours', 'Saturday: Open 24 hours', 'Sunday: Open 24 hours']
E-Flux Charging Station;51.540537;5.050320999999999;N/A;0;[];0;5026 RD;184;Doctor Hub van Doorneweg;Tilburg;Noord-Brabant;Tilburg;Netherlands;020 763 0620;https://www.e-flux.nl/;['Monday: Open 24 hours', 'Tuesday: Open 24 hours', 'Wednesday: Open 24 hours', 'Thursday: Open 24 hours', 'Friday: Open 24 hours', 'Saturday: Open 24 hours', 'Sunday: Open 24 hours']
Last Mile Solutions Charging Station;51.572185;5.050754;N/A;0;[];0;5042 WD;33;Slipjachtpad;Tilburg;Noord-Brabant;Tilburg;Netherlands;010 436 5065;http://www.lastmilesolutions.com/;['Monday: Open 24 hours', 'Tuesday: Open 24 hours', 'Wednesday: Open 24 hours', 'Thursday: Open 24 hours', 'Friday: Open 24 hours', 'Saturday: Open 24 hours', 'Sunday: Open 24 hours']
Allego Charging Station;51.57242;4.9956211;N/A;0;[];0;5036 BD;174;Wijboschstraat;Tilburg;Noord-Brabant;Tilburg;Netherlands;0800 3745337;https://www.allego.eu/;['Monday: Open 24 hours', 'Tuesday: Open 24 hours', 'Wednesday: Open 24 hours', 'Thursday: Open 24 hours', 'Friday: Open 24 hours', 'Saturday: Open 24 hours', 'Sunday: Open 24 hours']
Last Mile Solutions Charging Station;51.5719003;4.988244600000001;N/A;0;[];0;5036 ZT;N/A;Zevenaarstraat;Tilburg;Noord-Brabant;Tilburg;Netherlands;010 436 5065;http://www.lastmilesolutions.com/;['Monday: Open 24 hours', 'Tuesday: Open 24 hours', 'Wednesday: Open 24 hours', 'Thursday: Open 24 hours', 'Friday: Open 24 hours', 'Saturday: Open 24 hours', 'Sunday: Open 24 hours']
Last Mile Solutions Charging Station;51.56832;5.049609999999999;N/A;0;[];0;5042 TA;22;Luchthavenlaan;Tilburg;Noord-Brabant;Tilburg;Netherlands;010 436 5065;https://www.lastmilesolutions.com/;['Monday: Open 24 hours', 'Tuesday: Open 24 hours', 'Wednesday: Open 24 hours', 'Thursday: Open 24 hours', 'Friday: Open 24 hours', 'Saturday: Open 24 hours', 'Sunday: Open 24 hours']
E-Flux Charging Station;51.574846;5.0367179;N/A;0;[];0;5044 PK;145;Hugo Verrieststraat;Tilburg;Noord-Brabant;Tilburg;Netherlands;020 763 0620;https://www.e-flux.nl/;['Monday: Open 24 hours', 'Tuesday: Open 24 hours', 'Wednesday: Open 24 hours', 'Thursday: Open 24 hours', 'Friday: Open 24 hours', 'Saturday: Open 24 hours', 'Sunday: Open 24 hours']
Tesla Destination Charger;51.5417376;5.0504001;N/A;0;[];0;5026 RB;105;Doctor Hub van Doorneweg;Tilburg;Noord-Brabant;Tilburg;Netherlands;013 463 6465;https://www.tesla.com/charging;N/A
Allego Charging Station;51.573351;5.039882;N/A;0;[];0;5044 RH;21;Lilahof;Tilburg;Noord-Brabant;Tilburg;Netherlands;0800 3745337;https://www.allego.eu/nl-nl;['Monday: Open 24 hours', 'Tuesday: Open 24 hours', 'Wednesday: Open 24 hours', 'Thursday: Open 24 hours', 'Friday: Open 24 hours', 'Saturday: Open 24 hours', 'Sunday: Open 24 hours']
Vattenfall Charging Station;51.5639385;5.0420418;N/A;0;[];0;5037 AB;2;Warandelaan;Tilburg;Noord-Brabant;Tilburg;Netherlands;088 363 7991;https://incharge.vattenfall.nl;['Monday: Open 24 hours', 'Tuesday: Open 24 hours', 'Wednesday: Open 24 hours', 'Thursday: Open 24 hours', 'Friday: Open 24 hours', 'Saturday: Open 24 hours', 'Sunday: Open 24 hours']
Threeforce Charging Station;51.5537741;5.0494027;N/A;0;[];0;5037 SP;40;Gotenpark;Tilburg;Noord-Brabant;Tilburg;Netherlands;N/A;N/A;['Monday: Open 24 hours', 'Tuesday: Open 24 hours', 'Wednesday: Open 24 hours', 'Thursday: Open 24 hours', 'Friday: Open 24 hours', 'Saturday: Open 24 hours', 'Sunday: Open 24 hours']
Opcharge Charging Station;51.5534314;5.049957099999999;N/A;0;[];0;5037 SP;22;Gotenpark;Tilburg;Noord-Brabant;Tilburg;Netherlands;076 785 3231;https://opcharge.com/;N/A
Park n Charge Charging Station;51.574202;4.995053;N/A;0;[];0;5045 NA;45;Ketelhavenplein;Tilburg;Noord-Brabant;Tilburg;Netherlands;N/A;N/A;['Monday: Open 24 hours', 'Tuesday: Open 24 hours', 'Wednesday: Open 24 hours', 'Thursday: Open 24 hours', 'Friday: Open 24 hours', 'Saturday: Open 24 hours', 'Sunday: Open 24 hours']
EVBox Charging Station;51.5360545;5.0436213;N/A;0;[];0;5032 ME;2;Mina Krusemanweg;Tilburg;Noord-Brabant;Tilburg;Netherlands;088 775 5444;https://evbox.com;N/A
Vattenfall Charging Station;51.5489139;5.0442643;N/A;0;[];0;5032 WL;3;Dussenpad;Tilburg;Noord-Brabant;Tilburg;Netherlands;088 363 7991;https://incharge.vattenfall.nl;['Monday: Open 24 hours', 'Tuesday: Open 24 hours', 'Wednesday: Open 24 hours', 'Thursday: Open 24 hours', 'Friday: Open 24 hours', 'Saturday: Open 24 hours', 'Sunday: Open 24 hours']
Allego Charging Station;51.570064;4.997821;N/A;0;[];0;5036 AC;N/A;Witbrantlaan West;Tilburg;Noord-Brabant;Tilburg;Netherlands;0800 3745337;https://www.allego.nl/;['Monday: Open 24 hours', 'Tuesday: Open 24 hours', 'Wednesday: Open 24 hours', 'Thursday: Open 24 hours', 'Friday: Open 24 hours', 'Saturday: Open 24 hours', 'Sunday: Open 24 hours']
