Name;Latitude;Longitude;Address;Rating;Reviews;Ratings Total;Postal Code;Street Number;Route;Locality;Admin Area Level 1;Admin Area Level 2;Country;Phone Number;Website;Opening Hours
Electric charger for cars;51.4834387;5.4498678;N/A;0;[];0;5627 LE;N/A;Biarritzplein;Eindhoven;Noord-Brabant;Eindhoven;Netherlands;N/A;N/A;N/A
E-Flux Charging Station;51.464442;5.462896;N/A;0;[];0;5622 GW;1;Staalstraat;Eindhoven;Noord-Brabant;Eindhoven;Netherlands;020 763 0620;https://www.e-flux.nl/;['Monday: Open 24 hours', 'Tuesday: Open 24 hours', 'Wednesday: Open 24 hours', 'Thursday: Open 24 hours', 'Friday: Open 24 hours', 'Saturday: Open 24 hours', 'Sunday: Open 24 hours']
Eneco Charging Station;51.4754072;5.4268119;N/A;0;[];0;5626 CK;23;Haringvliet;Eindhoven;Noord-Brabant;Eindhoven;Netherlands;N/A;https://www.eneco-emobility.com/;['Monday: Open 24 hours', 'Tuesday: Open 24 hours', 'Wednesday: Open 24 hours', 'Thursday: Open 24 hours', 'Friday: Open 24 hours', 'Saturday: Open 24 hours', 'Sunday: Open 24 hours']
PARKnCHARGE Charging Station;51.4579186;5.4519844;N/A;0;[];0;5621 DC;21;Naaldhout;Eindhoven;Noord-Brabant;Eindhoven;Netherlands;010 436 5065;https://www.parkncharge.nl;['Monday: Open 24 hours', 'Tuesday: Open 24 hours', 'Wednesday: Open 24 hours', 'Thursday: Open 24 hours', 'Friday: Open 24 hours', 'Saturday: Open 24 hours', 'Sunday: Open 24 hours']
ENGIE Charging Station;51.4637484;5.4050631;N/A;0;[];0;5657 AH;N/A;BIC;Eindhoven;Noord-Brabant;Eindhoven;Netherlands;010 436 5065;https://www.engie.com/;['Monday: Open 24 hours', 'Tuesday: Open 24 hours', 'Wednesday: Open 24 hours', 'Thursday: Open 24 hours', 'Friday: Open 24 hours', 'Saturday: Open 24 hours', 'Sunday: Open 24 hours']
PARKnCHARGE Charging Station;51.458743;5.455075;N/A;0;[];0;5621 CP;87;Douglashout;Eindhoven;Noord-Brabant;Eindhoven;Netherlands;010 436 5065;https://www.parkncharge.nl;['Monday: Open 24 hours', 'Tuesday: Open 24 hours', 'Wednesday: Open 24 hours', 'Thursday: Open 24 hours', 'Friday: Open 24 hours', 'Saturday: Open 24 hours', 'Sunday: Open 24 hours']
Shell Recharge Charging Station;51.4605729;5.418234;N/A;0;[];0;5651 GE;43;Tegenbosch;Eindhoven;Noord-Brabant;Eindhoven;Netherlands;088 010 9500;https://www.shell.nl/;['Monday: Open 24 hours', 'Tuesday: Open 24 hours', 'Wednesday: Open 24 hours', 'Thursday: Open 24 hours', 'Friday: Open 24 hours', 'Saturday: Open 24 hours', 'Sunday: Open 24 hours']
E-Flux Charging Station;51.457029;5.452014999999999;N/A;0;[];0;5621 CX;22;Grenenhout;Eindhoven;Noord-Brabant;Eindhoven;Netherlands;020 763 0620;https://www.e-flux.nl/;['Monday: Open 24 hours', 'Tuesday: Open 24 hours', 'Wednesday: Open 24 hours', 'Thursday: Open 24 hours', 'Friday: Open 24 hours', 'Saturday: Open 24 hours', 'Sunday: Open 24 hours']
E-Flux Charging Station;51.476747;5.437428;N/A;0;[];0;5626 GC;11;Jo Goudkuillaan;Eindhoven;Noord-Brabant;Eindhoven;Netherlands;020 763 0620;https://www.e-flux.nl/;['Monday: Open 24 hours', 'Tuesday: Open 24 hours', 'Wednesday: Open 24 hours', 'Thursday: Open 24 hours', 'Friday: Open 24 hours', 'Saturday: Open 24 hours', 'Sunday: Open 24 hours']
E-Flux Charging Station;51.490279;5.443454;N/A;0;[];0;5627 NW;4;Cotentinlaan;Eindhoven;Noord-Brabant;Eindhoven;Netherlands;020 763 0620;https://www.e-flux.nl/;['Monday: Open 24 hours', 'Tuesday: Open 24 hours', 'Wednesday: Open 24 hours', 'Thursday: Open 24 hours', 'Friday: Open 24 hours', 'Saturday: Open 24 hours', 'Sunday: Open 24 hours']
E-Flux Charging Station;51.4860006;5.441788799999999;N/A;0;[];0;5627 CR;64;Dauphinelaan;Eindhoven;Noord-Brabant;Eindhoven;Netherlands;020 763 0620;https://www.e-flux.nl/;['Monday: Open 24 hours', 'Tuesday: Open 24 hours', 'Wednesday: Open 24 hours', 'Thursday: Open 24 hours', 'Friday: Open 24 hours', 'Saturday: Open 24 hours', 'Sunday: Open 24 hours']
E-Flux Charging Station;51.456998;5.455405;N/A;0;[];0;5621 CN;21;Newtonplein;Eindhoven;Noord-Brabant;Eindhoven;Netherlands;020 763 0620;https://www.e-flux.nl/;['Monday: Open 24 hours', 'Tuesday: Open 24 hours', 'Wednesday: Open 24 hours', 'Thursday: Open 24 hours', 'Friday: Open 24 hours', 'Saturday: Open 24 hours', 'Sunday: Open 24 hours']
EVBox Charging Station;51.46930889999999;5.4149259;N/A;0;[];0;5651 GH;18;De Schakel;Eindhoven;Noord-Brabant;Eindhoven;Netherlands;088 775 5444;https://evbox.com;N/A
EVBox Charging Station;51.4843738;5.4254377;N/A;0;[];0;5626 DK;17;Steenoven;Eindhoven;Noord-Brabant;Eindhoven;Netherlands;088 775 5444;https://evbox.com/nl-nl/;N/A
E-Flux Charging Station;51.4606252;5.4572436;N/A;0;[];0;5622 PJ;52;Keldermansstraat;Eindhoven;Noord-Brabant;Eindhoven;Netherlands;020 763 0620;https://www.e-flux.nl/;['Monday: Open 24 hours', 'Tuesday: Open 24 hours', 'Wednesday: Open 24 hours', 'Thursday: Open 24 hours', 'Friday: Open 24 hours', 'Saturday: Open 24 hours', 'Sunday: Open 24 hours']
E-Flux Charging Station;51.4895;5.449192500000001;N/A;0;[];0;5627 MJ;3;Cherbourglaan;Eindhoven;Noord-Brabant;Eindhoven;Netherlands;020 763 0620;https://www.e-flux.nl/;['Monday: Open 24 hours', 'Tuesday: Open 24 hours', 'Wednesday: Open 24 hours', 'Thursday: Open 24 hours', 'Friday: Open 24 hours', 'Saturday: Open 24 hours', 'Sunday: Open 24 hours']
Allego Charging Station;51.4564876;5.458825099999999;N/A;0;[];0;5621 EE;11;Minckelersplein;Eindhoven;Noord-Brabant;Eindhoven;Netherlands;N/A;https://www.allego.eu/consumer/find-a-charge-point#includeSources=Allego&mapCenterPositionlat=51.9689992&mapCenterPositionlng=5.9334792&zoom=8;['Monday: Open 24 hours', 'Tuesday: Open 24 hours', 'Wednesday: Open 24 hours', 'Thursday: Open 24 hours', 'Friday: Open 24 hours', 'Saturday: Open 24 hours', 'Sunday: Open 24 hours']
Shell Recharge Charging Station;51.470422;5.415445;N/A;0;[];0;5651 GH;20;De Schakel;Eindhoven;Noord-Brabant;Eindhoven;Netherlands;088 010 9500;https://shellrecharge.com/;['Monday: Open 24 hours', 'Tuesday: Open 24 hours', 'Wednesday: Open 24 hours', 'Thursday: Open 24 hours', 'Friday: Open 24 hours', 'Saturday: Open 24 hours', 'Sunday: Open 24 hours']
EVBox Charging Station;51.48796910000001;5.432051;N/A;0;[];0;5627 WK;8;Sommelaan;Eindhoven;Noord-Brabant;Eindhoven;Netherlands;N/A;https://evbox.com/en/;N/A
Eneco Charging Station;51.469615;5.4124211;N/A;0;[];0;5651 GJ;N/A;De Keten;Eindhoven;Noord-Brabant;Eindhoven;Netherlands;N/A;https://www.eneco-emobility.com/;['Monday: Open 24 hours', 'Tuesday: Open 24 hours', 'Wednesday: Open 24 hours', 'Thursday: Open 24 hours', 'Friday: Open 24 hours', 'Saturday: Open 24 hours', 'Sunday: Open 24 hours']
E-Flux Charging Station;51.472359;5.445698999999999;N/A;0;[];0;5624 NA;11;Bernardinopas;Eindhoven;Noord-Brabant;Eindhoven;Netherlands;020 763 0620;https://www.e-flux.nl/;['Monday: Open 24 hours', 'Tuesday: Open 24 hours', 'Wednesday: Open 24 hours', 'Thursday: Open 24 hours', 'Friday: Open 24 hours', 'Saturday: Open 24 hours', 'Sunday: Open 24 hours']
E-Flux Charging Station;51.462226;5.457854999999999;N/A;0;[];0;5622 EP;2;Hendrik de Keyzerlaan;Eindhoven;Noord-Brabant;Eindhoven;Netherlands;020 763 0620;https://www.e-flux.nl/;['Monday: Open 24 hours', 'Tuesday: Open 24 hours', 'Wednesday: Open 24 hours', 'Thursday: Open 24 hours', 'Friday: Open 24 hours', 'Saturday: Open 24 hours', 'Sunday: Open 24 hours']
E-Flux Charging Station;51.4672919;5.4069255;N/A;0;[];0;5651 GB;9;Oirschotsedijk;Eindhoven;Noord-Brabant;Eindhoven;Netherlands;020 763 0620;N/A;['Monday: Open 24 hours', 'Tuesday: Open 24 hours', 'Wednesday: Open 24 hours', 'Thursday: Open 24 hours', 'Friday: Open 24 hours', 'Saturday: Open 24 hours', 'Sunday: Open 24 hours']
E-Flux Charging Station;51.47811280000001;5.460065999999999;N/A;0;[];0;5628 AM;38;Sallandlaan;Eindhoven;Noord-Brabant;Eindhoven;Netherlands;020 763 0620;https://www.e-flux.nl/;['Monday: Open 24 hours', 'Tuesday: Open 24 hours', 'Wednesday: Open 24 hours', 'Thursday: Open 24 hours', 'Friday: Open 24 hours', 'Saturday: Open 24 hours', 'Sunday: Open 24 hours']
PARKnCHARGE Charging Station;51.47660699999999;5.455695;N/A;0;[];0;5624 EB;12;Vijfkamplaan;Eindhoven;Noord-Brabant;Eindhoven;Netherlands;010 436 5065;https://www.parkncharge.nl;['Monday: Open 24 hours', 'Tuesday: Open 24 hours', 'Wednesday: Open 24 hours', 'Thursday: Open 24 hours', 'Friday: Open 24 hours', 'Saturday: Open 24 hours', 'Sunday: Open 24 hours']
Ecotap Charging Station;51.4909097;5.453894;N/A;3;[];2;5629 CC;N/A;N/A;Eindhoven;North Brabant;Eindhoven;Netherlands;0411 745 020;http://www.lastmilesolutions.com/;N/A
E-Flux Charging Station;51.479327;5.445773;N/A;0;[];0;5627 GL;30;Marseillelaan;Eindhoven;Noord-Brabant;Eindhoven;Netherlands;020 763 0620;https://www.e-flux.nl/;['Monday: Open 24 hours', 'Tuesday: Open 24 hours', 'Wednesday: Open 24 hours', 'Thursday: Open 24 hours', 'Friday: Open 24 hours', 'Saturday: Open 24 hours', 'Sunday: Open 24 hours']
E-Flux Charging Station;51.45871;5.4566189;N/A;0;[];0;5621 CP;N/A;Douglashout;Eindhoven;Noord-Brabant;Eindhoven;Netherlands;020 763 0620;https://www.e-flux.nl/;['Monday: Open 24 hours', 'Tuesday: Open 24 hours', 'Wednesday: Open 24 hours', 'Thursday: Open 24 hours', 'Friday: Open 24 hours', 'Saturday: Open 24 hours', 'Sunday: Open 24 hours']
Last Mile Solutions Charging Station;51.4571043;5.451465799999999;N/A;0;[];0;5621 DA;8;Grenenhout;Eindhoven;Noord-Brabant;Eindhoven;Netherlands;010 436 5065;http://www.lastmilesolutions.com/;['Monday: Open 24 hours', 'Tuesday: Open 24 hours', 'Wednesday: Open 24 hours', 'Thursday: Open 24 hours', 'Friday: Open 24 hours', 'Saturday: Open 24 hours', 'Sunday: Open 24 hours']
Opcharge Charging Station;51.457029;5.452014999999999;N/A;0;[];0;5621 DB;16;Grenenhout;Eindhoven;Noord-Brabant;Eindhoven;Netherlands;076 785 3231;https://opcharge.com/;N/A
E-Flux Charging Station;51.461959;5.461498;N/A;0;[];0;5622 HB;59;Doctor Berlagelaan;Eindhoven;Noord-Brabant;Eindhoven;Netherlands;020 763 0620;N/A;['Monday: Open 24 hours', 'Tuesday: Open 24 hours', 'Wednesday: Open 24 hours', 'Thursday: Open 24 hours', 'Friday: Open 24 hours', 'Saturday: Open 24 hours', 'Sunday: Open 24 hours']
E-Flux Charging Station;51.457789;5.455269899999999;N/A;0;[];0;5621 CP;31;Pieter Zeemanstraat;Eindhoven;Noord-Brabant;Eindhoven;Netherlands;020 763 0620;https://www.e-flux.nl/;['Monday: Open 24 hours', 'Tuesday: Open 24 hours', 'Wednesday: Open 24 hours', 'Thursday: Open 24 hours', 'Friday: Open 24 hours', 'Saturday: Open 24 hours', 'Sunday: Open 24 hours']
PARKnCHARGE Charging Station;51.4668849;5.455168;N/A;0;[];0;5624 AD;21;Vitruviusweg;Eindhoven;Noord-Brabant;Eindhoven;Netherlands;010 436 5065;https://www.parkncharge.nl;['Monday: Open 24 hours', 'Tuesday: Open 24 hours', 'Wednesday: Open 24 hours', 'Thursday: Open 24 hours', 'Friday: Open 24 hours', 'Saturday: Open 24 hours', 'Sunday: Open 24 hours']
LeasePlan Charging Station;51.47172699999999;5.415541999999999;N/A;0;[];0;5651 GG;N/A;Achtseweg Noord;Eindhoven;Noord-Brabant;Eindhoven;Netherlands;N/A;https://www.leaseplan.com/en-in/;N/A
Opcharge Charging Station;51.4808058;5.4517658;N/A;0;[];0;5627 HP;49;Normandiëlaan;Eindhoven;Noord-Brabant;Eindhoven;Netherlands;076 785 3231;https://opcharge.com/;['Monday: Open 24 hours', 'Tuesday: Open 24 hours', 'Wednesday: Open 24 hours', 'Thursday: Open 24 hours', 'Friday: Open 24 hours', 'Saturday: Open 24 hours', 'Sunday: Open 24 hours']
Shell Recharge Charging Station;51.4793397;5.4328777;N/A;0;[];0;5626 AK;25;Rijnstraat;Eindhoven;Noord-Brabant;Eindhoven;Netherlands;088 010 9500;https://shellrecharge.com/;['Monday: Open 24 hours', 'Tuesday: Open 24 hours', 'Wednesday: Open 24 hours', 'Thursday: Open 24 hours', 'Friday: Open 24 hours', 'Saturday: Open 24 hours', 'Sunday: Open 24 hours']
Opcharge Charging Station;51.4894975;5.449183199999999;N/A;0;[];0;5627 MJ;3;Cherbourglaan;Eindhoven;Noord-Brabant;Eindhoven;Netherlands;076 785 3231;https://opcharge.com/;N/A
E-Flux Charging Station;51.479307;5.428491999999999;N/A;0;[];0;5626 AP;76;Rijnstraat;Eindhoven;Noord-Brabant;Eindhoven;Netherlands;020 763 0620;https://www.e-flux.nl/;['Monday: Open 24 hours', 'Tuesday: Open 24 hours', 'Wednesday: Open 24 hours', 'Thursday: Open 24 hours', 'Friday: Open 24 hours', 'Saturday: Open 24 hours', 'Sunday: Open 24 hours']
FLOW charging Charging Station;51.47014859999999;5.4631224;N/A;0;[];0;5624 JJ;52;Jan Romeinstraat;Eindhoven;Noord-Brabant;Eindhoven;Netherlands;N/A;https://www.flo.com/;['Monday: Open 24 hours', 'Tuesday: Open 24 hours', 'Wednesday: Open 24 hours', 'Thursday: Open 24 hours', 'Friday: Open 24 hours', 'Saturday: Open 24 hours', 'Sunday: Open 24 hours']
Opcharge Charging Station;51.4608999;5.45697;N/A;0;[];0;5622 PJ;52;Keldermansstraat;Eindhoven;Noord-Brabant;Eindhoven;Netherlands;076 785 3231;https://opcharge.com/;N/A
Threeforce Charging Station;51.488311;5.4325617;N/A;0;[];0;5627 WK;9;Sommelaan;Eindhoven;Noord-Brabant;Eindhoven;Netherlands;N/A;N/A;['Monday: Open 24 hours', 'Tuesday: Open 24 hours', 'Wednesday: Open 24 hours', 'Thursday: Open 24 hours', 'Friday: Open 24 hours', 'Saturday: Open 24 hours', 'Sunday: Open 24 hours']
EVnetNL Charging Station;51.4834489;5.4498709;N/A;0;[];0;5627 LE;35;Biarritzplein;Eindhoven;Noord-Brabant;Eindhoven;Netherlands;0800 3522365;https://www.evnet.nl/;['Monday: Open 24 hours', 'Tuesday: Open 24 hours', 'Wednesday: Open 24 hours', 'Thursday: Open 24 hours', 'Friday: Open 24 hours', 'Saturday: Open 24 hours', 'Sunday: Open 24 hours']
E-Flux Charging Station;51.476097;5.427587;N/A;0;[];0;5626 CJ;76;Haringvliet;Eindhoven;Noord-Brabant;Eindhoven;Netherlands;020 763 0620;https://www.e-flux.nl/;['Monday: Open 24 hours', 'Tuesday: Open 24 hours', 'Wednesday: Open 24 hours', 'Thursday: Open 24 hours', 'Friday: Open 24 hours', 'Saturday: Open 24 hours', 'Sunday: Open 24 hours']
Shell Recharge Charging Station;51.48389470000001;5.4244366;N/A;0;[];0;5626 DK;11;Steenoven;Eindhoven;Noord-Brabant;Eindhoven;Netherlands;088 010 9500;https://shellrecharge.com/;['Monday: Open 24 hours', 'Tuesday: Open 24 hours', 'Wednesday: Open 24 hours', 'Thursday: Open 24 hours', 'Friday: Open 24 hours', 'Saturday: Open 24 hours', 'Sunday: Open 24 hours']
EVBox Charging Station;51.4808931;5.4581376;N/A;0;[];0;5628 BS;25;Pietersbergweg;Eindhoven;Noord-Brabant;Eindhoven;Netherlands;088 775 5450;https://evbox.com/;['Monday: Open 24 hours', 'Tuesday: Open 24 hours', 'Wednesday: Open 24 hours', 'Thursday: Open 24 hours', 'Friday: Open 24 hours', 'Saturday: Open 24 hours', 'Sunday: Open 24 hours']
Alfen Charging Station;51.4778932;5.4451977;N/A;0;[];0;5627 ST;N/A;Le Havre;Eindhoven;Noord-Brabant;Eindhoven;Netherlands;036 549 3400;https://www.alfen.com;['Monday: Open 24 hours', 'Tuesday: Open 24 hours', 'Wednesday: Open 24 hours', 'Thursday: Open 24 hours', 'Friday: Open 24 hours', 'Saturday: Open 24 hours', 'Sunday: Open 24 hours']
Opcharge Charging Station;51.4622262;5.457855899999999;N/A;0;[];0;5622 EP;2;Hendrik de Keyzerlaan;Eindhoven;Noord-Brabant;Eindhoven;Netherlands;076 785 3231;https://opcharge.com/;N/A
E-Flux Charging Station;51.4807965;5.451927299999999;N/A;0;[];0;5627 HP;49;Normandiëlaan;Eindhoven;Noord-Brabant;Eindhoven;Netherlands;020 763 0620;N/A;['Monday: Open 24 hours', 'Tuesday: Open 24 hours', 'Wednesday: Open 24 hours', 'Thursday: Open 24 hours', 'Friday: Open 24 hours', 'Saturday: Open 24 hours', 'Sunday: Open 24 hours']
Opcharge Charging Station;51.4583924;5.451584599999999;N/A;0;[];0;5621 DC;15;Naaldhout;Eindhoven;Noord-Brabant;Eindhoven;Netherlands;076 785 3231;https://opcharge.com/;N/A
EVBox Charging Station;51.4836568;5.4232426;N/A;0;[];0;5626 DC;1;Hooge Zijde;Eindhoven;Noord-Brabant;Eindhoven;Netherlands;088 775 5444;https://evbox.com;N/A
EVnetNL Charging Station;51.48831;5.441934;N/A;0;[];0;5627 EM;1;Ardéchelaan;Eindhoven;Noord-Brabant;Eindhoven;Netherlands;0800 3522365;N/A;['Monday: Open 24 hours', 'Tuesday: Open 24 hours', 'Wednesday: Open 24 hours', 'Thursday: Open 24 hours', 'Friday: Open 24 hours', 'Saturday: Open 24 hours', 'Sunday: Open 24 hours']
E-Flux Charging Station;51.478186;5.455976;N/A;0;[];0;5624 EB;6a;Vijfkamplaan;Eindhoven;Noord-Brabant;Eindhoven;Netherlands;020 763 0620;https://www.e-flux.nl/;['Monday: Open 24 hours', 'Tuesday: Open 24 hours', 'Wednesday: Open 24 hours', 'Thursday: Open 24 hours', 'Friday: Open 24 hours', 'Saturday: Open 24 hours', 'Sunday: Open 24 hours']
Opcharge Charging Station;51.4782002;5.4602162;N/A;0;[];0;5628 AM;38;Sallandlaan;Eindhoven;Noord-Brabant;Eindhoven;Netherlands;076 785 3231;https://opcharge.com/;N/A
EVBox Charging Station;51.4859987;5.441789;N/A;0;[];0;5627 CR;64;Dauphinelaan;Eindhoven;Noord-Brabant;Eindhoven;Netherlands;088 775 5444;https://evbox.com;N/A
Optimile Charging Station;51.48253949999999;5.4159318;N/A;0;[];0;5626 DC;N/A;Hooge Zijde;Eindhoven;Noord-Brabant;Eindhoven;Netherlands;N/A;https://www.optimile.eu/product/charge-point-operator/;N/A
Last Mile Solutions Charging Station;51.4922045;5.4560342;N/A;0;[];0;5629 CH;15;Castiliëlaan;Eindhoven;Noord-Brabant;Eindhoven;Netherlands;010 436 5065;http://www.lastmilesolutions.com/;['Monday: Open 24 hours', 'Tuesday: Open 24 hours', 'Wednesday: Open 24 hours', 'Thursday: Open 24 hours', 'Friday: Open 24 hours', 'Saturday: Open 24 hours', 'Sunday: Open 24 hours']
Vandebron Charging Station;51.4914784;5.426004;N/A;5;[];1;5683 PW;83;Eindhovenseweg Zuid;Best;Noord-Brabant;Best;Netherlands;088 044 4555;N/A;['Monday: Open 24 hours', 'Tuesday: Open 24 hours', 'Wednesday: Open 24 hours', 'Thursday: Open 24 hours', 'Friday: Open 24 hours', 'Saturday: Open 24 hours', 'Sunday: Open 24 hours']
Allego Charging Station;51.464228;5.44805;N/A;0;[];0;5626 NA;40;Doctor Poletlaan;Eindhoven;Noord-Brabant;Eindhoven;Netherlands;0800 3745337;https://www.allego.eu/nl-nl;['Monday: Open 24 hours', 'Tuesday: Open 24 hours', 'Wednesday: Open 24 hours', 'Thursday: Open 24 hours', 'Friday: Open 24 hours', 'Saturday: Open 24 hours', 'Sunday: Open 24 hours']
Opcharge Charging Station;51.47932729999999;5.4457738;N/A;0;[];0;5627 GL;30;Marseillelaan;Eindhoven;Noord-Brabant;Eindhoven;Netherlands;076 785 3231;https://opcharge.com/;N/A
EVBox Charging Station;51.48245439999999;5.412837800000001;N/A;0;[];0;5651 GG;45;Achtseweg Noord;Eindhoven;Noord-Brabant;Eindhoven;Netherlands;088 775 5450;https://evbox.com/;N/A
